1,3IwUoMMvu6,20,aVPtwd1SYMOWvTR
2,zSyXM6Xv5W,27,nY4SfM9vzoP2fcC
3,CGnczrsowF,30,3n6PRmCBEey8u6A
4,5cmgBaENYf,13,6kYjuuMxTS8dp0f
5,ITBIG5hbyA,5,uyCHllvw665xlBs
6,zp7a5Km2K5,3,V7uFpeOAPID7y6l
7,IcDVN5aB0W,14,2y6vvZ04Kflz5qA
8,ZMBLd1y3f2,0,VrLqHarrBbl6BoS
9,QCWP7BCHmN,16,efbwK0XujvhGDdo
10,4VCIO1nHGD,10,ThhoZYoHkesgs7M
11,inbLqgpdw2,30,sBjFzRduijD0F3O
12,FuF9sdqUT1,17,XPquIgBc8VueqwB
13,ihvo4WGpmK,36,2ha4b5CJSLVqF4I
14,I9DZWn3OC4,17,bHDkyqOpc3S0p53
15,RLNmC9Ai59,17,MhtGPY7q8UFLcSK
16,8WMfoQvmC4,23,IHTGLvoZcRWoW6A
17,djei88j1f5,7,7TAkW1mwzrM6jin
18,KGNddIBqyu,33,t1Byk3Dsy2e7oo1
19,hv6E8gi9Ic,20,DQTFW3XR6P68UVq
20,ZG8N9WCIDh,8,WUJinGStSRnjFup
21,sFpYjHd0b0,15,g5yTTEXLT3oKWCB
22,8YV11Ku177,12,AaHaNOVYoguQlW2
23,BmqysiEHt1,37,lVsm2AyuLCFWFJI
24,cThKiXMQEi,6,T4c3rwaj23ZEZ7U
25,gO7kBt4H6T,14,zwPORiXRsuwuiJx
26,BFyBxIurUz,27,2vasDHQbjr72dZB
27,jMOzPEoM9c,20,2iyHZASQZ5EgMrM
28,yNyvVWSNke,18,mRraOcF8KoxhcC6
29,uhkrLkOaan,28,kkY4pPa9BmzphYR
30,Mn31QQpvtu,13,4aKOjvNzeCwGnpP
31,vkEXDsOxqR,14,z7jcIkRfpxkWkKd
32,YOJSLuqYc9,35,cHiMZ3hrviuKfdQ
33,19I1YiB1uF,14,4MDtYykeZ3pGfwV
34,JWF0roEJUM,25,CiEj9ZHBGp3bMwQ
35,SHwZYWKuIN,6,8BSK12ryRYctpbA
36,kjnfNZEj8m,11,HKOcubTvu3EXNFE
37,HWZdW9ULKB,13,NajuTIFb3jc2l8e
38,ZgZPNttU1u,33,hZFyrfJFrL4JqKf
39,emO5BSQrJD,20,Eay1LgK68DxKqU2
40,gp5xG8OtAk,39,fMzOiy0o2z4E2wK
41,XZjn1Vr1Xn,26,4ldApg5qASu9RlB
42,3rrdUm8f7J,3,VzLZ9pQFfQS36j2
43,mSAdqycFK5,2,izWdGd80x1mnpwh
44,FuIaesRgKn,0,9ukldTH0OkKcT4k
45,03NbOnfuCx,4,FWi3YIkT5YkpyHm
46,TOE6lcSqpS,36,Z9AlKL8UCvA7OaQ
47,BzLQhZTcjC,25,6bCz8qdy656QZeO
48,WoDgRaMqQ5,19,UGWNMZJ0dd5FTAN
49,Hj30QVbcSP,28,7YSaysMEarzLsGL
50,oxhN3FpiP3,3,CPJPtleC9ypWdqg
51,Z2SBm2tSAi,19,LGxRlLxrFN3ZHxF
52,MrsInKZjrI,9,3yPQYLsWfg0XQYO
53,b05E6YRf7I,32,K0OO6lehKwsKorV
54,xsytzKmYQi,32,DUNNyItA4DVsVjQ
55,2YN5TGEzbY,9,B8i7QzNsUv9Vyoi
56,TDSKjmb2iw,3,9Z8CdF8zJR1YydX
57,TynXiDyt69,12,gSv1mNUJDPgbzqP
58,OKmCilWKLB,31,tpDOpEm9r0jVAvM
59,ReymXO51GQ,36,LAdp1iIdot1vz3o
60,s3kgcdsJgI,7,hRzMUdL04ymVF3T
61,PMNb8IorpJ,15,pScLypzb5scju0B
62,HEWzUUJdk8,5,O48IZs5vBKTQnVT
63,jR33a57p1D,24,d7H99aLOLgjXiby
64,ZCmwJQgTHY,15,pSnXKPHlgjlfvlX
65,uexLiwx5ZR,16,tCInVsv39T6ZMOG
66,POQoeK9mdf,38,8jbC3kNhOXmqsYm
67,yhq4RFUyjD,13,rv96CXOfmV8z9a7
68,MRNWQwOzHg,20,VKLXIbcAeQAIBG8
69,NFA2SoKNfz,33,Xkpgfwz1tW1Fsn6
70,ooDWzzHlTS,32,VDJlHKmozZCJ1Rl
71,uH0idv8M3f,7,8eiFxaMQN2NEW37
72,HdtTZdu96b,15,zf5yVSMfEDfhStT
73,3vuby2EsR5,4,ye65ZTj1do3mEEa
74,Dfb2V1TEdb,7,vuyZtV4o68JgrRm
75,IUOVbtkZ7y,30,zkie2EaSFNOhqsu
76,OsJgSdPZpA,31,uJE3KLEtR6MjZ7G
77,WuXCYVYpPR,19,Bnrva89oFL0mKwg
78,I7U3MK6D8W,14,cpLkzyejN30eSYo
79,dZMBDhoWVJ,32,h9ln98CC0QHiHQU
80,kCl9r251cd,12,TzbEi7FrsNP3vvY
81,BUf0miBqfl,12,FJxptW38TE1rfo5
82,FcBqa9huvp,7,L3awxdgmhg59iq8
83,4L4ukS02hk,1,xMUz5dZXb9RaQCn
84,eLDHwMxzpG,23,4HyUlzSgMUIMpxP
85,851FcmCHPD,32,HFO00OviLPnYd6N
86,TSheXOASPz,7,u5hDu9wEr8lgjUC
87,IVjLMGbaK5,36,q4Uo8t3N2bsfMeq
88,2xTQCuvK1V,12,ESWPyS6wWq3Riqq
89,feJpLXH3za,21,kAnhJPnGsEORSGU
90,yS58nUVEAD,25,T2IRrCbLYKF3719
91,VijEwS2U9K,4,eHN1MYiTMg62xyV
92,OWmuWuimiE,5,hHQCDci7r2ujCx7
93,rMdWuwMRN2,17,sWe3GnOvVcdMJoV
94,w5YVJlpKVs,5,I1yHjw4fg2NR0B6
95,uLcjF0r1NG,20,hjtT4s1GEcHQCme
96,uwoug8hyud,28,YPvom189xqHlU6j
97,QIYEhGpmWn,7,KN2Rl9Mt8Cn4xk1
98,rie4jIGLWt,29,PEFKVBL49pB8Cz6
99,Djj93YQfyr,12,AS7IZmTHwIyTwkR
100,cRS1Oe5phS,28,a2aYjDuapuYP2BH
101,oSpHogjjK7,30,ON8SAVV8gGRba3G
102,rY1pyYcUiH,36,YKBnvKLld3T7Tna
103,3xZlcGdMc4,5,ZhNC5FIGDJSRCx0
104,w7AQDWkzRU,37,fSdCPRI38ZV68KX
105,QkRjNCxKhs,5,r24vI4NPOk9ejqQ
106,Hmhp0JFnmx,3,xGX6wbBChwsm1Ht
107,7y5p14fVhG,27,X8D7YXKz154dN8s
108,QqGWEQZ2SJ,34,13lZERS0WjSCRhx
109,n6X4W5YP0K,35,6DUTLIpgRpyV6w9
110,LhON1vlRwZ,2,oEZLLCJEhRxGS0s
111,dMc0IAFHRr,33,uivoWMP1No6HEy2
112,9isuf960PX,9,gaJHdr23Kcs00xl
113,ccAvGwwBvC,26,PCN9Kp23MYipZTu
114,GrMJFTHnOE,7,4OEPjYEeWotSCyN
115,N5esikiYd5,35,nSzjwymL49l8mLA
116,1m4xQqqWbA,30,UqrnaG7fN1ryFVK
117,x0EzpznLJX,12,Ye2AXL6eP03b71V
118,9xGDnEpPiA,13,uTfOzyyIy035RBK
119,J86z1e5CpW,12,nOAdeU7HIqRYZF9
120,yg5HJUJH2E,36,9UyctUhVAI9DQFP
121,1mMyYTqjRI,5,2wxK7zkXF9lBU5v
122,6CxRfr8SnH,12,j2E12jOhLrMg67p
123,4achLKho7u,32,2Lrkdn8uatMT2jN
124,utun7mTRMc,25,C9EFpIHbTX6bgu6
125,r4MaXXj16x,24,MwWZqheJoWf9qUh
126,fJNIu5SZux,17,q6IVRqUXiWlvdZP
127,xCiIObBudt,36,CleAZnWpzHGpKpl
128,V1ZlpQEuaT,21,YgxZN8Ss7AeScGx
129,w09SJZqVmw,38,gSv9T7wo3zYrYuV
130,acdqkdro8e,11,c7EIxn0nSNc8x1i
131,GTXVFGEJdA,10,MQ10lIUZ7lXhKAB
132,oC6jCkzg2K,39,IJnL83dVrruz4Rq
133,WOjxmOlxnt,8,VrpYulmVG1dSpUw
134,ihjn5NIGSm,18,LnekNzwsXNXNSY1
135,RSELe9pGnQ,16,VODacvxxxx4Sg7W
136,y38cpFpy7h,4,KbUUIdNahwCnMYD
137,fByNJp1yHP,38,RB1CHBibfh65zPQ
138,2q49rBEHTr,27,DRupWrstBwtK83y
139,INvZ3SjDRa,24,PTECRuMA3f99t5x
140,FxSN2xldLP,29,RpM7qtPWVzdK6Kz
141,7bhRt27s57,33,PXqyzVYRmcizDOl
142,IZsKXPfg5Z,19,y6NkQp7CgaAzffg
143,i3hMSc0t0t,2,XdMwZa33Ca3BSOq
144,YzbmzHurZz,27,SAGXHkcsasOE3NI
145,N8Nlan73oD,10,8Xz4Kmoipi8Jb5f
146,yMQGpdfI6V,0,SWfJ1zWUxveZZNC
147,BkKWr8813V,37,UZKfhOeU3yelerp
148,W6RMqbrvKP,34,BvRMsIT6oOhEzRv
149,5pSruGcf9x,13,fshK457iRcr6jDf
150,cldKmEHRGo,31,PfbauDLGBzpgGL2
151,FI5n7AMcFr,29,Xx4AissXTUSJ2ut
152,hbtV4gJVa4,7,OvOpQ235BOTKSsH
153,nZZz8FQTDg,0,gfXqLHHEOPFFrmh
154,uaaMJZtlFV,21,VXnd6osRrX1aOj7
155,NS9x4hhSLy,38,p2PHJyXKN7ZAVF5
156,2EhLopCysP,8,HzeNnnCrfO9eH8o
157,kg1ZHxfg4S,14,ElvvkT0Y0FcdTwt
158,6M3ElEbsEI,30,02IznwVmsaiOLnb
159,nNku1c8UzF,6,xAYSaX6L5AYEeAS
160,j7MZbP0SLn,14,Qv10FXRxTpSg8wo
161,L7d5MAm2M3,9,sEojchuJaQUTsOb
162,zsXk9KQ0BD,35,RUivcVO4YxndzzX
163,kp1pRE6Okf,25,52kGe4HblreZ2pB
164,CZtjrqk8fu,1,ngp9ocDykKcvImn
165,8AlU1KQlYU,35,4GBoeXLY3uUxjko
166,LGKhZ3qESc,4,z5LOHdvkDORSZ3o
167,mwMBHL6Wuo,22,xHwYtqJsEmLBnSA
168,A8GhhN37ze,33,V3MiInRjDAeQgus
169,1Yu3opqLcP,21,Tc9sDRIoIJKaBWG
170,xmHqDSIe9d,34,rRxchaLpd0BeOEw
171,7XLBSVmGOq,30,bptiTkyBB7aNI3X
172,yIUc5UiD1U,28,GDtnXroe3hmF3IZ
173,6IJL8heYay,8,Z309ChEY9a0MhLk
174,LiFC08BZ0h,15,JogriqifGRR5DmE
175,gaVSaJF4Ht,37,IKcYBGBhrxgU4Qf
176,uqDX5yp3Ii,33,MD64A0phV8N95U2
177,CmMsUkbEFX,17,B9fSoEdYfZ0KXZK
178,uqlFysL0vi,21,xRxs368aZ1w792a
179,QsbqyNZK1E,2,A9x4G4bOqx5JdQi
180,G9yhtQGycw,15,PZmMViENkovppMH
181,CkbECkWV8V,2,uKUCdmIIb5kITfI
182,Oj6Uy0K5jI,8,UGMHIy5q3yCagRW
183,7sZiUc1KUg,9,p360RibKXm6tn9x
184,XCycI4MFtN,18,NR4dZtIbUWWDAI9
185,xi2iVhjaAz,11,F7uvkj3JDAkU4wB
186,xBRpBmTROb,16,tEqmOqAdUSCEqJv
187,x6gk79d9AD,15,xYOCgYW2WCw6PFi
188,l1kATd09kp,4,a9BRxBY7dYBdiES
189,7uoeadRV5I,8,4qsYD0tCAYJ9FHh
190,FNIGJSqT5M,6,Twxjgwm3JU5cQMg
191,sxS2gLhbAf,13,inVICw25FL0DlLi
192,fb1066HZyg,28,2QLrqDQqrtmoMgo
193,p66vvlhcNb,28,klDh5SV9pzX3QdA
194,fF5Z8DNwA0,19,IfhyBRWDcU5TxiE
195,NLDXYiCrpu,37,jp5Q5HqZ8nGLXep
196,zzv19rFtfH,38,po9CuNolqEEfVlK
197,kwFoF2hWak,35,tzUFLOpoMVOAX73
198,kI85oy3l0L,24,eo4t0Ee5WHOKQdV
199,PpNAPbRKl4,25,TmbPQZmNI8TykW7
200,SZkPj1FdWz,23,hoBOvm01F7zGeGe
201,jADnqLtPB1,13,VF3DbFv7qW1pyUX
202,d7keDfoKqv,21,ddqOwT7b1YfXZ1Q
203,saadLxxemg,12,z8Id9mSuseWFcgf
204,dY6kanW1ts,10,noIqmvbxwXpY0UX
205,GWlbPHGwLY,6,jGaVy0K8fzvXVW5
206,UhK4mmbY16,1,ipmv60g0eglCcbW
207,JmktfgymHv,8,DcR4oWSGTS9swk3
208,5VApoAQOZB,20,uV8Q6udZUSiSQho
209,qrhDJhdxJM,2,iyTr734d6WAR2Y3
210,WACNo4zzh5,3,3i84gI3qqg2Xvte
211,T0xjbQ9aNF,38,wH9jWlQZ66W932b
212,PKJXvPKc5j,17,gXkPWC12JMkrFUd
213,CyXQRYwagE,22,eF8qcQPZCX9CIly
214,feReSHRlFj,19,lqbPtZIScOSttoK
215,YZBP9QQNDi,21,bBfYNAQ9oyFICOq
216,Tkr7UykFOl,1,HoW8s6GPmQFUWY1
217,9hCJTgqAoi,17,rEwzheVbLB1Qm3F
218,Zfzb0cJL1W,16,k9qYpxDUST6fMoz
219,zOd4vn2aMU,17,Yzk5R6kzhXKlD4q
220,WlvNb3g0AG,34,fpzgcMcdsqA9hI1
221,hU2GszVNdz,26,Zl9u0J8IBxp2Y18
222,XvUfuFrAGz,31,cQG9AytGOCTVqaG
223,X6NHWjibYR,4,U7rRUHZGLJFtgYu
224,tChCwBktVB,35,SHI2uHo6Wyb0qae
225,wUWIWnZL3G,35,7xghLjwnUvJdNwW
226,3f1TLQ5B9W,37,O5BtUdmDVH8XdFu
227,oA1UYVc2Mv,3,vLrsfOJM2z0ixBl
228,jFSBoItokj,2,qlvkBEtguizQWDI
229,pCCDajWuDY,3,moLTni0pGBj2HQg
230,n7wy3XDZ9d,9,I1y8sjfsv0sKqCH
231,iyA7gNZ1gj,31,6WIgVogceD46SGj
232,zCdlPmlAyQ,34,MaSt5BZubK5XYJd
233,Bt3JVOnUtE,10,L55QotWGFdHoGbq
234,Dr88BGBkuQ,8,ppD4upmFStlsJvH
235,sJ9RTjeskO,20,p253452gEwlJfJI
236,KPTiNU6STP,13,rdHJAJoiB4lc7oH
237,cAcuBDfhq9,37,wcjtYkKlIkJFZ8Q
238,x0Hrm8dJON,30,N7KGvg0d2glvSru
239,OMOb7nWgr2,6,19hQnkGgl8qBKEx
240,j2s8TuZXpv,10,sVByeB1UIBmzTHo
241,QbA2lrEjar,17,A20nnlokQhJsacs
242,BUKIBnKZ7c,38,a503BIBjK22Xak9
243,n8kkx7lkqP,15,KpqEh6xhLKa4ZMo
244,PFXzi9LLay,35,CQryLQe2iV2EghX
245,UYku2OqLT8,36,9JbMj8vVYkYOZBW
246,5FAk59QEUg,38,GYz1zTk5hkO6qGy
247,oXXByiltPP,37,T7l62XYAx1Q8mJB
248,okZbIwBil5,30,8C6YjQq8EW0HmsE
249,dg9tAOwoIP,39,gn1us8S38YAQIbs
250,jv5Q0ZlG8C,26,k2HuBux02Eypce4
251,3i6kiKei8Z,16,Ixlh7QejPgXQHTe
252,9KH11S9FCc,30,CcKi2KiRFlLOH8N
253,ZwxHPyClD9,15,8GUcVoYoMZareoR
254,HGxdB8hT6E,20,00y7rAtyJaO0UhL
255,zF6Y1TbEZF,33,dlEpsrVojIrvSHL
256,QzhJwPhb6o,13,pkTUnzYgE0vI0p0
257,aIHAHgnL5w,11,XlCrXebWzRX18DK
258,kXhCaeSDev,29,I4qDuz1eWwngliV
259,vItyjKJkuz,14,bEHUMyd3ANHFPf3
260,6UElPm5lOE,16,UCnEGXDgepQBuqF
261,Z0ndZ697t0,0,PgTtYpcgPn8Qkir
262,w4RdwEsSPj,19,uR3PfqYcy5lpseV
263,oa4of7bPv0,3,3g7aemVQpxEunpl
264,VgZzwMC9ZS,39,gpKxshjL4OwX8gt
265,2ICHHYstDu,16,beevtwQevrzWCip
266,smdSEqG9Se,22,P7ip3BPFEGlOLsm
267,FgafMGJ25x,18,EF9uuVxRRGUNPYY
268,GHMG3hEB5F,15,OmIzeVC4AxnThWV
269,0bxz3WdhSz,2,rgmQamQez4cLl6y
270,d0YSWYHxeb,32,E7ia6qoqpgiEGYw
271,FMLdlFBqn7,11,1oDlAyIjvYm5Dw3
272,XZWnm2aTA5,14,blhA0cuFU05odU0
273,6dhOqc7cr0,26,RcegRvKLCVzBPeK
274,tvlmkNzcHv,1,qA9VmiEPqb58AQ6
275,kChPkoP9Om,14,69tJPPlmhsghUpX
276,Nq0aXXsQWT,27,tLU69v17dv4s3So
277,o45qEDoaJm,9,YU4hm3jVfCT9As2
278,yRaxsinuoU,28,Cb9bAVilGQjtooG
279,TpsQstvxLg,21,OEW2HhWtR57ZP4L
280,bgiwCtJhfN,23,UVhB7lp9h3vUctR
281,KmRhNqORKA,31,5O8n2gcyUvRFrxH
282,vChONJ7wQt,10,9M5hhoJFaS8ZRjY
283,6auvAurmEe,31,aP27VNwkRe60cT1
284,QKOutVE9CM,4,VKnQygSo4lHmRNW
285,HoaOgCe95m,29,cMPyAXAMGsUtgxM
286,VgATR7F3zy,1,pPovIRb4QBERAJV
287,7GVFfzgePP,23,ua14VWhyM7JjT0k
288,GDCaIPPIVf,24,V0s3yCYIwpu9goe
289,7z1cuIWiEu,31,yjRLJRn3OlHVP31
290,vsuiOJX6GB,24,ScBsi3uUBqp1Nco
291,CWYIddviRg,19,nShbTj02VN2XewS
292,NARAPp0NyB,6,VXKLojcpTchyGzX
293,uFdc40niy6,14,nuIKNApXFJxV3tz
294,101s2Gb3sh,18,vuf8iPRhTXml4J7
295,GgvCIUfr9T,24,nvykwx8iLVQ2Dhm
296,mSLcdyMExO,1,6KFlCNEpyf3lMIO
297,19KDxmfrPk,28,oyej0bEbKcU3X7D
298,1atCIEVO1H,28,x0bfWJn7zFpe9dk
299,lTHb9udYRl,19,eL6SuwFGr5iANxo
300,4sLlZcnggv,22,gVhxLgtB5u9YMxz
301,wvGUqTZSWs,25,ez5igphK1OUnQLH
302,JsSGWALcBx,5,i8TnGQVuaSYtbBM
303,5cjthVf7qG,11,yFFiHthu9Fnarau
304,OSFsBg4oUf,5,QVOcbFG9PlZ06LZ
305,plz7jIMWLi,26,WbTsCKkZN9OCQyF
306,UJVgAdNFpa,17,bTDJqjnY1cLZO1I
307,IPGp5oQKdS,26,bVvCeSKOompwWOV
308,jahDXAxOxj,27,dfLFHkGFLxNpbt8
309,op2LNH59i7,1,8smM331TMVwbFuC
310,Ck92Q5zvlM,34,GaSr3yQBTHMi9zz
311,xy5s4dcRKK,1,jg6105bXPnX8rTS
312,mR4vTQZ4lJ,32,0zRx6UA0s3sbSMy
313,XTVtkwnVB2,31,SeTsSlMFdPbBXYy
314,KqeM6R6IY1,19,K7ngh9XKJjyiKqe
315,UgGF0Md1YH,11,3nS9uXVXBP9tdv1
316,vGNuClQJ4k,32,6YprZg6QwXTUwc9
317,pxEv7MiMGW,22,cEa9JDA9NitiDRR
318,g0HChSnRkI,10,1EGPwwH7YpayeUq
319,EuZ4O34pOi,18,o1OO8r3fMTPzhhf
320,QkDhOyUt0h,16,PTBpjTOjSBOJNHW
321,fmdpgv2ayj,36,n3JF2TfBBZjDJrV
322,3bv9HLPiNx,34,YkMaQT8fp8qjcGU
323,p368YCUPVu,22,axQ2Vtk7b0bMgd4
324,9929G7QYEO,22,Vm56aHm8tQq8hO6
325,IvxOb6XkNu,17,KydjvbIkzqOQbhL
326,ekvwPloIwR,26,QBl9dH7gSQzsezY
327,8W4N15CYid,36,5Y3ITcrEt2Gewkf
328,xU20q5PzSm,13,tLRjemRt86QjAD0
329,Ahdh7ALGBk,9,q232gAz24msmKdN
330,jTp13dIOGR,38,ZIS7gARv8UpsS38
331,qPgZTwZ9yG,3,FzxrjhsRf9C2eFc
332,6fFi3rNW4S,36,fPL9ocb92mtAET7
333,z28X2Lr9w9,13,ubhLVVLfWaqvM6t
334,HcwlaqtjWc,7,8i5ZKO47hhfqVwm
335,Gn2eFeRlVN,25,4Ni3gNhW4ynDWKH
336,kRWCHJll6F,10,w311v5ZUknxvOhM
337,0b2D2J0jLQ,36,nBybGEmuf81vuQ1
338,ND1anRaWEr,34,hbMRXsiW7Mn1tBa
339,tS9EEq5Wl4,12,TnspZeg1o8gll8M
340,3ByMTw4hN3,33,TzPMeZZzQeVEYC1
341,I5sU0ZazLR,23,1I56NazPM8xpsPU
342,jXcCsfijrs,34,hwf1hiraIqfmVJG
343,ZEW0wMCJt1,13,ZEvTvpg9AFtAP0Z
344,FEsYrkpw5n,12,wBGTzCyhuI2D2A6
345,1HJH1V2Gsg,35,W5OMaFthSlcEToS
346,wKZmlnxVBY,18,CLeE5U6yxl0HbAV
347,bi2Jkmp341,31,zWhogldhzYrYuCE
348,5Y6dZwWrU0,13,HVGjKUjzCOhCZZS
349,MnveWU1kI5,15,sJP62Sqz66v7ZWG
350,7CtWnM51kd,27,9EI5DZuiPkJBfJQ
351,6CVEymFBFl,22,GlXSsdrX7NdkaZj
352,7UZ1ouXrBP,16,hzB7P3tEftOqhCQ
353,MM7C2rB3bi,4,44FHigLlpEcNlRX
354,9jokM0iozr,7,iCEz0L4NM5jSNqI
355,sc1Xx8J7UM,10,8n7jFRncdzBck6x
356,cdAmaqkqO1,5,MzIoAzGh3JPn2AI
357,hPnJW03Lfi,20,Tr78gouhNTpUmpa
358,fFP4qavAT1,8,Psnm8akpxUi52dn
359,zASOG218f8,34,vXeUHLbxkRadVY3
360,xntBj9VmCV,30,8yyBZixbE5ZzIyI
361,6VgMFGTjeb,28,c7gAI7xNNFNDgzJ
362,jaYvpM0BhS,23,uEztHrukF5nbD67
363,89uKjTXdxS,5,utPc33ICXZvqtEV
364,kPivhw9lx4,30,n8LheD0oJJkQ4et
365,fKCfhZ1OSe,27,sR20foIATST4glq
366,St2PKy7OLe,12,Sed5aPNKdWOf0TU
367,KUVQ29n0jZ,27,O836Zpvj8odYXYo
368,R492ZdH5hc,26,4tmF5qpHaP5yBNY
369,rwUJ5PmRWf,21,fSdasur9lSKNLPj
370,q9biwSQ16c,31,N99uacw1qF77NSb
371,fLVUAJWkUS,19,KP1W9CNRWqwdSwC
372,CCTiV14FXI,39,hNV8KxKxHMuqTTW
373,1h0nwbjMvK,1,6jcMU1XdTcPDPCI
374,sTM5luIIWf,10,rDMVYflBCvizBgD
375,UvSZSFrRMp,22,cw8oQGlNkyNDrhV
376,ZNEj4rw8mY,39,txTcyzrln4Kv6Ed
377,YFscfJlhEX,37,TrsBT3IZf5MEkUE
378,CXgEvUW4ks,27,vcaiLwgTGpixjyB
379,DOA7F4ds3f,16,DQT4LSyMmlikElG
380,xgOaeocwIj,9,GrhjIwukK09Sj15
381,UDSJK5H9rM,20,r3ckIpgFUHV6HwF
382,KPkUoVGH1u,17,DIJk7Gnidb2Eurb
383,yaysARRMsF,7,0jjpvoS0FdUbPZz
384,Tyvb0Zmwhq,4,G45BLFMcwBBYSJw
385,bFpkUWEvCp,5,4FllDblYQSIFoBI
386,DUtQFFqSra,10,PkFtzvvye5bX1TS
387,20ctCufGkF,19,FiNKpH34W0nTRsL
388,KArzGnW1xt,16,kRP5bIlWjIKAI0J
389,Cl4BwuO1XW,37,llChjk4h5ivGfR6
390,UdVTTsvlWS,14,eIDelgBRMJMYLPi
391,KMJdV98xNt,30,vOvHdhnUWRsf2lu
392,72vCTmQeS7,9,4Ptstyo2WMPjpBy
393,ugfyuzOBbH,31,FL5m1jbvMg5EBfM
394,kdm4S32kLT,28,wKwTxKL2TcRfM98
395,frOWg1kmnF,21,T4JmphtUtEBV4Jf
396,4pQbik3Jkt,0,KD2mZpmlUvhJSkF
397,k4q7TqhKaA,16,jrTKQj3fuaO3vhA
398,3hQbTlZ12A,15,2H6ZVBERsearnlm
399,mcK8ITIZvD,20,X39yrvBmjjyh0Fs
400,FLFKLWaZLZ,8,KFnyfckT8dDp5A3
401,ZfxKNQ2sEQ,31,hi0WaVx43d3Lzou
402,5ALnldS5mk,29,mUMzyldKcdFAEok
403,PSuZKVYSS4,24,IHIAZXYQdULrxdt
404,XTa4bLDH5u,2,CInb96sFzorqOyb
405,0teeIChARG,17,BQO1KCV7YFtiNwL
406,szjHBNQ5M8,20,gN6MQP7XV5EyJLJ
407,iaUBhdaNO9,38,xCwDrJJoQf3dpyP
408,VFux35bdaD,30,gpUbVMx8WdsKdmh
409,tvrhQp1HKE,27,TXHwAzJtd97NxYy
410,hp5cQRcn4v,25,p3zpTs8qXldLRW4
411,dsGsjkTtt3,9,otAdwgnWrOorOhZ
412,txzYhu5FQn,31,nT7wKQDPwLw8DIJ
413,glSwuFS0Lx,24,aeDyX6SKLUG6Nk7
414,msnF7iMLBA,6,GqiWxJyes3Rq42X
415,Ncwc4mNWqc,24,CSXDlRnrd9EKzDs
416,nRuwNbpXB0,24,ugRYjlTZyd5UYpU
417,hKfM4sNMHR,3,uqjnRvUp0jZoP2o
418,mdPHF4CwSa,23,gJOFQPcnUIM5xuO
419,bs9QUcKF11,38,5pRPvEvovZQj6gm
420,WnMhXMXu4k,33,oUxXzTbpfAHKW1h
421,fyRNQn237C,6,WbN7FQo7enrXiXB
422,8txDnzNzRw,26,wE4Pid9UCfhTvyY
423,4RKLf9TFWp,11,QE3ettFHgDiOzi9
424,Ra5UDUYrBf,25,fEZstjax9EqVAap
425,UtYH5H6AFx,0,YEcyULRHJeuTMfT
426,YiJpKHYky2,9,xeN2XZ7VF4yEJ3a
427,Lhv8G1VfST,32,nijMWU3gKwDB2zT
428,Jj4ddfMEAz,6,uFZHsmVltdQvLDv
429,F1K6DVnlCD,21,CVzekFqgT6hYE4K
430,oBh2fVrbrz,37,G3NLFWH9QvgKSEc
431,oNL03OMEIP,8,9AeFUCh4vs6vFLI
432,m8oIpFVa7T,32,qD3RKem7y3CSsAF
433,RZzm405rhK,24,PYyxc985zrgXMkt
434,RRVryJx5E0,8,fyQXDFR5sKvQ94g
435,30qLyu2bRj,26,jqZyb4o8JegRM5p
436,aEGcut1IuY,22,cnLcFCZwuoD8TPx
437,wUfAg38ifD,28,au6bvMWxQt3AUbm
438,ZgR2yEZShU,14,a3bqqP9SVHsId54
439,929epwJLWK,34,jrTBXm94Jf2hMBG
440,WBEGR8k0JT,36,6d3hTdQulujK4jS
441,NY18kyHSkq,24,4KTducWBtuTj9g5
442,0keyIrMg4A,25,e5bltUEjbJOTlHv
443,h7umL4C8tR,7,Dmp11EoDSPkZaD4
444,nF1pnwN6P4,34,UTMntXkuYQX4UsV
445,yzAz2bFjOL,8,Epc9738o095TDms
446,lBFlJXhdIF,32,JwetvKlYlEfxeOx
447,UHhKatlZeg,39,WTtO8i2lgucvR4b
448,1i7FqPkk8M,26,AMRoAWkcoRCx6Li
449,IrOaqXQaAJ,32,iV4Wfa4Tp4w3H9E
450,AQdlCgth67,28,ZJBLv6BqqU8VnMN
451,r4jcoXPPGS,15,3tdSwH1goNoGIxi
452,e5HSN1mbLg,21,8tRxRqMaXO9aNRQ
453,DCRjzJ5rOQ,4,Bvx7qEMjC7K2m6h
454,PYD48JTLbO,39,d63jL0aARI880gt
455,4KCsI2AE9i,31,zQyBNDA0rffRJuD
456,PtQ7LPHhj8,2,VhCpjqAYwnGkhn0
457,7jrCQ9wb03,18,yRXP1NsOyXtGUyy
458,o9E05FeRfv,9,Gml9UJqRxu7Gt4g
459,xgxXotnjzB,10,KSWOawESoBCp2bw
460,mnA6a7V1Fq,20,PWTVg7OPeY6s8jx
461,oPXEdD3Ndd,9,DIdgzIxZHSn9kEB
462,Q9o3gU7Kuz,32,CNtLMvOtHIpeXMe
463,P3DZpWbQfs,35,1i76n4CJYhOJwNf
464,i3LVSo5NcX,7,Roi4fZwhpCv7OwX
465,iZFpuvHIaU,3,DRGCsQSt4WpEzJD
466,hST8jY1Mr5,27,3lwVPPBEpy5uZkX
467,hq2inzDZSm,3,wIHidv97e88RHGx
468,dqDEhNz2Vj,23,T2S8yuVQARcXNDa
469,n6NgmDIZdE,38,thWxdTkdmjkuyPb
470,G3vPZu06Io,27,9mUfXpTHUb8sSGP
471,3Ov7p8qJri,23,WZsG9B6ThJQVQI4
472,ecN0IReZtO,21,hH8DOoRtNjd9zDK
473,gklpqYl5y8,24,ncRaWgd0ighmI8m
474,eqYzhCmrlp,23,pNz9epkqAvfkrGS
475,97HwMOpakU,21,Erte8Ea6dsApHu9
476,mmoPCuLMDJ,39,v3u6cd5aIjaEzop
477,8ev9Vadd2Q,32,uNtyQfEEjyu0Sbq
478,nfuNtroAaC,2,uvbrESAJyhq7w7k
479,4UD9modlNb,15,1gIr9biaXdVs3Sq
480,ngbuuA5Zq5,27,vitTtFiVJdTX0FK
481,1MEcKN7QlM,18,W14KdLZyHihWp1N
482,ovxeSISKVN,19,lYhQNcTVYizkgnh
483,skgH7MnQB6,1,DwavUIn6ZFa1hD8
484,g9OjhLAJWw,16,FGeuVu2OnZiPofC
485,eB7sT6zDP6,34,vGn41AYbu6osKnl
486,i37kdVtBgZ,1,os5e9K9MYoDRcHe
487,H0naown6BI,37,lV0e5pcSsINbC5t
488,M5NqdIFgU5,1,9ysN7oPCCC17Z5Z
489,8tEWabMstW,26,bYVot3xaoRVxkz0
490,QL7ztilw88,33,DyOiKuJInEUp53Y
491,tvEVaHXzHB,38,MG0w6zBGKVAIxCm
492,PrHzyVF6Xv,30,PbPD0M7Z9WJ9SGH
493,jhHfVgqvj0,39,nL0hnGVmxfdDl6N
494,xgwXheJwN5,5,au5nZm3p1UjT59b
495,xXTTo9Ink3,9,ACwnkg9rWdonmbU
496,qO6bg3ey8V,16,OGqvm7htzvJe4f4
497,Qw7uy9kCoc,13,ITJp01W3a37FNHI
498,Szu4wZe4tx,27,7XOghcBvDE75gUs
499,Zfua8RNMV5,23,myRUauJuUvXOStf
500,phSPGTYcCD,9,UijrbAXDHpKsUWe
501,Epe8gHudpW,18,ApnNNvZRtk08yRq
502,PqmcKVKZLY,23,R1BlDhg7J4CFLYK
503,HwAL6OC9iO,39,lY7wNKDZP8HXR7w
504,bK57K1Bjyz,30,1o9K7Kn5gym1lM5
505,PGfLWrHJ1e,0,qxFHRoJavriKTQG
506,WJL05vehYa,38,L3xa4SjCMqD56VX
507,D8XImB1uR4,8,XdaGds4GYdZ2cIW
508,wfOpZg9zYe,35,6hKcOA1PxTlCEix
509,imX9a5Y69U,4,tYSIq5fRNpek2Cm
510,qylKkXMa1U,32,gaqIS7TSjJqkurC
511,ibxOAW3mUh,36,xwoDgPgOMT2yh20
512,ehz489yCJ3,25,g20xofmxoywcoN1
513,EAIxeWjgiv,12,5y1U33dxDFcsNUr
514,099dLlJW0n,25,GJNvtTuArIdmaLk
515,SzeTyFfq8U,25,hFFfnGVVCVs2zSk
516,hxcRczbCSS,14,rdgXmXkKPpp1QzL
517,kLzlxl1W4S,6,BBttAJcqyzE8eeA
518,3vf4bOZjEa,36,gxR26CzaaPXUVGZ
519,KkOihoFnDs,33,1nfVSBXmLVogMqy
520,HyT3zOLkB9,25,YEGwMnPMg2VwWul
521,pcq5W1ixF8,35,w3oLdg6RKHlZhQc
522,3AyqyNekaT,28,oBnqIWqbXQAiPNn
523,vgSLKZTsa5,25,9hPAr0qF0c16Rtr
524,uGZ1yo7qaQ,32,vgjTyB0nydlpQWI
525,Jl6g6bcm6p,10,5RiyuLEp7XBPcVE
526,Nb5SPtuPsO,33,Z9QUoVQCmdEpHOB
527,1lrLuNLjo2,30,M9AqDHu1TaClf8o
528,f3GITJ2Cvl,8,k17y7PlTDwfQ5eM
529,kxdjiorQyF,32,YAMhnnpQWGVuui6
530,Vjn4Ax1oV1,35,5VFceP9QMU3QWz3
531,AGk1OkdZoq,27,ZwfCquY5JkBtb4j
532,FXGNUqVoxa,32,h6gy58x9rUIsiwU
533,e5QtRO8SC1,13,IC955PGrWHSfUV3
534,z2Ftj0Y5nr,7,xX9YMwWt3N5FMhO
535,S4XppeX1N5,15,l3ZUT5ksGtZ6Drv
536,OOE7Mbtrk7,35,JiU9Tozm5jtbsI8
537,dKykuvgo2i,11,2AJDsrUdwukLb8L
538,HOdpmmNE8u,11,CwAEWbljyan7btq
539,TvV6cIp417,36,o76JvdI13aPciob
540,rGRXnkWOx1,0,lz9tLwbHMDzLYlO
541,oUX4sTX0Qw,16,ScZ8Ab5Xs0u2a0w
542,KiIXZtR0ht,7,7AzHRxWCqTYq2hi
543,y5lOQmUchy,2,TPHIxY5KwPa6Pgk
544,zIul6uhLMt,15,KmVePTnzEID62jl
545,eDPqtw8XVZ,34,DFdivAYWN7BtaGN
546,h9C44L2Qv7,33,K2BuDWTHmST8uOQ
547,q0N2lWDMRF,2,WjhP1tBGGm8e1jy
548,4JLWkK8k20,10,pNjTjCfedznT59T
549,OKckPORD9o,2,QqcIg91rRhJoF7P
550,Llr0JSypyf,37,NRYRaeCQbHU1nnX
551,Bs06rjQpWt,7,h7dDep689domuq2
552,Bd4ZOnZYjQ,38,3H9j66vYLBEPUZI
553,d5NPjNCQQI,17,r3CyqRk8EHxivS9
554,Fr0yqPZ50p,8,VLSsYjqSgSUN0mN
555,23bWYbjMXY,22,10eDDOrdywWfipp
556,WKYZYSJ4Nb,37,OikqnqUTVfENVSM
557,yzgx9sFOXO,31,aCwavQu6BZcOv7i
558,goXFJL0PuV,23,WQ5I8r3n3wzWNd5
559,EiIQJ4e2qJ,14,QSiOR5F4vrPL5Me
560,fZu6i0T6mc,34,fdXaEIUCJydUHa7
561,ZQtHCkFwQV,34,Kjk4vsOffmxma8W
562,KqVY9TPLaz,17,IYAa6DAyVkXgYu3
563,IkoHAH2iMU,2,XNECl4kG6nDIiY7
564,RgLNMZtPQS,0,hNOQDQJBeDDxqXb
565,tmtPD7SuzE,36,ndFK3QJrBWbIBXS
566,UEePLUDNqI,37,DAMOc682D8CXlD9
567,utTRrGNtrF,20,fVi9z2syOAADn0c
568,qv1cCDKi6M,14,qV0Oi4nkmA4o01E
569,Zx0Gnma0ul,37,YFJjpHwG6w10RoM
570,uhTElx2IEv,1,qXCEV16eYzN18BD
571,ur12dQhdOm,36,er5fJigH83Ul5QL
572,sbXRKQAgqJ,11,DuLIPD7VvNLGreZ
573,j52iuRiiYM,15,rzcTMXmkEPRf1ww
574,reeuzItiRW,1,sOSiERb56iym86E
575,rwTLhOBCH5,30,RiDwVXqFw1tunp7
576,8DPlwYuXZe,18,2oWJ6r3fOPBFqyR
577,OdilsVJkqa,1,wknz1EC6TDhkt86
578,Cz0vmfGYkG,0,qBS2ZEEJjTODTef
579,Sx36pmkjOp,1,gan1AYgVpTiACla
580,vxidfFWcK0,18,9sKEF653PWsTI5J
581,m4D0UWjk0p,35,bu6jkMKqSOHwWDq
582,M4FCG6vnSf,30,MIB0eB8ZguRdbam
583,7KVaUFniV5,27,APjLPpOtXQluUzQ
584,CiFI5cK6jq,13,SFnpum3No7sYccU
585,PslfnloVNf,8,mnUBhMAAhVDBF1d
586,7TG95374DG,6,2RWFDRH1SkCtDFc
587,4d4UszYaw1,26,N3KqZivWLvV2WxG
588,Qpw1SUfFX7,3,KRXLjhJ0vRjas5H
589,ebi7bwOxWQ,18,fwTRI4WrHizWoWF
590,ggJvJ1zrXj,19,vob0sKaPxOZMnwk
591,oZhNQCpNyf,37,J6YQE7IwaDTKJh4
592,KknH40TjqL,34,asiURRsE4nbqL52
593,ZlTuLve3F9,23,ORcJ3T7dvDZfbJE
594,Z0nwAAiZJd,31,ANdpuIXmIvq5Blg
595,mLVoWdiVal,1,yVzy9ZmEjb7orz7
596,1ytSxFSdMh,36,viqiMaGlOWgjz9n
597,fSSHk7gk7E,8,klCetqyRDdwskYU
598,Fa7v89Sbjm,15,G4X20DqChaMVryr
599,1qteWJpznq,8,JcF9txqULFuaBZc
600,n9dQrB8zhB,21,1NJjnpd3yNAZusv
601,16hmnQW02x,35,DrErxXodHlXqSgO
602,eO8pSeh24P,22,Cice7NTMIQ0NPyT
603,HIjki3lZxW,36,1eUOGsjpTobc5P4
604,QiO9pSuIRq,16,oyLeZmCZPOhwGrY
605,4LfXCikDzv,22,zdrc8KDKwbbCyfv
606,fTFlXfAQg5,12,DsepkZS6uAki7rJ
607,uTKg32bqBA,34,8n7dGeI6ibMGEL4
608,2NWBByNaRJ,29,HgpPpqM7dPz17ba
609,tDwcPZLtJu,28,cpmFMQdLNffLOvW
610,QANDG7aUIR,2,Glx1wTeeo58CXmO
611,uOPx18Rkak,1,YVeRW2y4HahoDWI
612,MwzfEGgccy,25,DzSBvMiwrHPSTk3
613,EFJTptx11X,21,7H0BFJQMdJnPZ74
614,xmSFtGU0Lg,21,19Pl0GxMQG3uhvg
615,ZieHfmWaJj,17,yI1buhnyp6pKEg2
616,sl8nki0Zrg,1,iFg0mlLeNxjTuON
617,4WoVerFS1G,5,MVaoDEpJbgpYoiD
618,8JGzVpPSQk,29,3bbmS8es3pdz65l
619,WSWDXKF66e,24,RcRKuWuR20v8bi7
620,awA8HnCo4k,28,y34sB3Vmb6TeMso
621,vBO7XPWquU,30,wAJijpKaiujADjQ
622,7IYgsjWWuN,17,SHpZm0znV9nUQY6
623,A6trxgIuVZ,31,pgf2aMOJs7NVzfx
624,mYuTpiVwpf,21,llFvYpTd5WbY62S
625,PzpaPhOoMl,25,eDho4ThdM97YGCc
626,vVpXiFXzFj,17,fqi7wF9eXvWA8vD
627,NBrKvZW3CQ,20,aNnpUHY8DKCCX6s
628,UY8OkV7pVU,18,pGYsnoBX5S9IA7M
629,OFBGFZgjcj,0,ClyxnxIohDOoJ35
630,uavOxx2jcY,16,HUuCliMiz2LxQUw
631,oL2A1KfhEb,1,kYjyY27RULCvf0l
632,FvDS4NMdZX,12,bLHR9s6xn0p2yvd
633,hS92Q11PGJ,23,RCtHT3f5VL278k1
634,1NhqKiljpe,27,NH8OdBX95XoAvMs
635,WMRKm9mtuN,17,FzCn2QN39HYaYnR
636,5cwG83Ac0k,19,5OW1tgKlBd8oBUl
637,BVve4izjts,9,N46xMAqvA8OgwiT
638,wJ9OSCzXsg,34,pDT0XEJthT5Pv8t
639,ntNTIv0LWG,11,rjHeGj7Bp2VV267
640,ANe3BCe3PQ,37,6P8km2FVwQ7bfCa
641,r65oq0fKIX,23,FzHcitbEmEAFW1w
642,7SaKpP2xfD,10,NyoFZwFcK0YGlF9
643,yJDH8WSvhx,23,E6kSPCLn1E5JZAl
644,shGX27cCsh,2,J2CrEw94T9qfNCn
645,CZ9B8fbL37,35,UAhb1zpKXmqXkda
646,RjAIhpARzI,21,nt366NBx1lnU9wJ
647,dJKkEcXTsI,13,aOBfLaPv02t65HI
648,FH0XjydCZh,39,UBMKW2tdEFd1xCZ
649,GFQvwt3aRi,35,fnUHAs9nkLUd3Sq
650,ha8hi0P3Ip,31,jTvedIz1tPVdFOg
651,KGddXv3Bnf,21,CPItRbZr807f6ja
652,M1WNoykFwK,38,olhCK0BFNQ1HAZ4
653,Y6btZartn8,24,ChoXMPahROQQQAZ
654,HZZZp7LeT8,21,jssiOucX58PgN34
655,xWf9yWs0G3,17,3SYWnY8ID9iuywI
656,vsulFuexOz,30,3ymdlPJorTRy0CQ
657,X0MEcNRbXW,14,EQbNnk9jrxnT4Jq
658,Qbxb1TTaJJ,20,Qj16JDx35vCVNrT
659,s021MINVVD,6,kvRc8pyqw9VWGBe
660,MNO6yVa2fF,28,5AgcYo4wHJOfARR
661,0NDqBfRtaa,6,mcRaqybwUD17Am8
662,1tL3Bn6dAM,36,S24ep3IZQmYLAUU
663,3GmQwjZDjp,1,lkLdxjya3wQL2uG
664,7ZYyBBUN8D,38,tTHcq0F6mmvPZVO
665,zEpBcNWdhR,15,l0r3yXS74tTAsX0
666,ux5Y5XXQvk,31,CAS5eKQ9kQBF5H2
667,kUzA6Mt4fJ,39,z2HQslcngNSwR7P
668,HRZWusPRbJ,31,UNMj9tlLFdf0bIt
669,eKl5dKWUjf,36,RT8P67Xe7neENsS
670,c00OLdhxGf,17,haThpersLogQyNT
671,a4XxMpSrNI,29,cJ3CzSk0ocKjdkx
672,6pPA4axj14,4,ghK2TXNl79l6R1B
673,M1i95xpQnt,23,76eQKf2LMjqMIWH
674,36V2jhYPa2,21,5SXNAm0z47th7bc
675,4ZqStBStxd,6,mtALCX3FvPXcyYh
676,QBzspVQMvq,18,Ue2oX7qZNGRQAWY
677,3w2il3Qiur,2,Jhhspg5QJSUXNHw
678,ipAQufvDr8,2,ckXP5ik2t5YqSsv
679,6ESr5mJcBE,11,Z4nstJM80yNNbcE
680,Sh7SVO0Kmc,10,XOiL4P7HO1GgvoI
681,KWcqVAZaxW,38,U6V4VUtH501hH7s
682,zk4RTd88Uj,33,cMGbXZBG2aeKhz5
683,WoN2viD3dE,12,g86Te1AmSZ2R23H
684,ggFzhQ5ZQw,3,sHakDAMcklo4hDz
685,PSEmJcKmRw,37,GOx3Fd1w8hIRglF
686,KKKPfw2RYS,4,Oia5QI8E1S6eYT1
687,GTvW8CmeUw,37,cddjAzIYBfbHoyW
688,XBQJoK0lwz,18,Q3xfFVhicpkucmO
689,q7WztFA2Hy,33,v368lUr1WjcNllT
690,UMwOEyQZGD,20,DAIDgy3oBl2GC8X
691,MYFLC1ZEhM,20,q02TDgeMc0iys5F
692,TUJ7aPgw8h,24,rOZaq7zkRgUiZ7O
693,2gbMrNsm5V,32,bfJGcb7ovBg8i3j
694,gD1udb6gmt,23,EEexQ2xkrbhdpov
695,y8gMp4Oo9c,38,6MAK4do3SmR4QpP
696,sAngSUvboz,23,ICX0u4POWrxgBBE
697,uhDkQ61fwU,7,tEyhymzStDBzDBp
698,7sg1dovYp7,28,IXsG6FxP37gNgYe
699,46agPVFxxb,25,Rt5UX0oGbEHuaab
700,LLPCGIgnEa,10,mUx648OKCZ6U1jE
701,LmWZ2MiF2S,3,abbcLmlcLti5ke3
702,PurxTvSsuu,28,h5179lEJKEgWFUB
703,MAXUheVdY2,12,cWh3i5sJ6o7iMH1
704,BNEBtO7DAA,25,mM41Fv2LTOWUK12
705,CpFd3Ys8mB,22,rDnXP12O6RCQPCG
706,boeZoj8g3H,15,kk3YK4Jho8bEBxa
707,uTyBiTisyp,27,6O7z4zal5PVP3PQ
708,uI0zALLg4P,14,h00slJt5DNkOj7Z
709,Y0lUSser1E,31,xEMiBAC9cOcmEEq
710,Y1zUE5tm11,8,1PYCu4Unnid6IY0
711,Sy7VETMRlF,31,DRtnim3cSqfoWjS
712,f88ezopkxA,31,5HDLeBThevKO8R6
713,XpE5sIGcsf,2,08RKnBkEol3aCok
714,Dg9hIsq25U,7,2QP6MlGfgx1wz9j
715,wcQCCf51XC,10,1jcqAJdCxaWL7We
716,b1JXsFOM0Y,32,6hfkJ3NZ8L8OYeb
717,IeaESW5OOw,39,9lYlHDNdPdNfrRe
718,oT7qQohvoC,16,FtkJFSriU3qHpF7
719,6Knw3Ze6oL,24,GnIz9Mu0IUvRBjz
720,rGz75E45b4,36,X6N2zQrmYv2zO5C
721,LeVzgg0inY,23,No2VmwMeLYz47Fm
722,eEY7zt4E1M,13,RbXef7k5bjFTawc
723,H32Ry9JfYo,25,cgIaHdiKoaIxwRJ
724,Y5bY72ajeS,0,3fS7ALtnQy41q7Q
725,hcqqvqfJob,0,TJyCVFN2cALglX2
726,NPxTbDnEYI,13,7eXYi4nkn0LibxT
727,5YrrCgOcs3,11,jCmbVVDAAygPFlE
728,0X3HVDw2VD,12,eJXKhDSrA9ciEYJ
729,oUAY7tZWpi,25,ZpmmwjHBqbQt2Tv
730,viqzz3TV3r,15,Cb893a8vWN7P4ZL
731,2whMNrTT2S,12,bsbCP4JhgvkmPzQ
732,tLIhK3EucY,31,1sA2gy1wgo3uCvy
733,QxCLW9XeiR,1,AalBlEsRWaEiHqm
734,7VL97kqGJM,31,uHOqDFDB54g2ZmF
735,ZYnJY1QNWD,28,mXZzYKKGryyrTni
736,vP74iqeYCA,6,l9IFNUwFmVAFwwo
737,0fM3Gyq6m0,34,JlcXuF9qxVzHsxP
738,ixvseKaUXC,28,lOZqOzFYQthA1tt
739,rDPOyeXh2e,9,UvuI48XhypgWLwI
740,2wPViCGyXk,0,k0BkDMFEKb3yjyu
741,aJoL7BTOmG,27,lx86tcTrdspuOog
742,97Xki6zMfH,27,BVE49YaBQflWj86
743,BpLG5Dcfci,5,6yOauiH6YzHrKhJ
744,mtJmQ4V64T,9,cwb7eijTZRwqy0Z
745,NbSwaAhwJT,36,5LOquZcnerW3Jpy
746,UAMao0x5Ig,4,uxToKU7nk4MTTEH
747,xiuZI6AXBo,2,OObCcnqWayicsu8
748,0tsJWBl6Gc,1,Lq6tGxTwL5csUoW
749,qRqMzVGgoG,26,G4JBkn6qLyAFJJ2
750,1ptnIqwOFp,31,Dv4qV1OjIgWu7lY
751,Tmw9mwcbHo,14,qToO4mCCw7m5Tbk
752,ipsxLK1aR7,32,H92UXfgBsPZjI85
753,ToDa9VTImw,34,Tk5k3JNzwJlEl7k
754,OQf8oB8KZy,18,pfIMYBG1ZcHCuDV
755,09FvRhUbJZ,9,ZlsCGADXqVvKDym
756,pQECJiO8Rg,1,Vw1nl2HfMdfdzJ9
757,L6JiCg9cFc,2,b3mnlQd1MS70gbC
758,yIzf7JVTGy,26,MVMNwzvNOnIcabm
759,ZQTorxR8n9,35,T1IH0BiDwG0rKY3
760,6v3jTM7PLV,32,fj45RrirfLKxoVW
761,PqH4G6WkyE,3,xnp5I9L3VMWOmg5
762,shVvfe88cP,35,s7oEIYI5A7ZBJsk
763,3xcontx1He,27,iF7Q34rUJCcV1Ze
764,OzF4kg8cJs,1,BxMJaL5xrh5ugY2
765,uQuTi23Kc8,27,Lux6ofCsXDeAg5x
766,sXnBhvaw5v,23,mr1O1ewGpbtoi0D
767,uTxvvtMRel,26,L3wy4wJ7x7mnn2z
768,UNRTdf3qH2,23,RDsFbd9RPAYbSvT
769,gQHWEAh7Dj,15,z6ueIJvuBwttO5v
770,3QuN2OYCYB,23,c8jXgtjTNrruLei
771,FTAQ6wHmoZ,29,DR6wFzIPoz9KQBp
772,vRcU3BCAIH,37,LB6WmMJPGJQXdAN
773,bebA40XhRp,37,kCnQxsRdPmkidrM
774,VOGhKMRnRh,24,sCiJ0hLdmUOyFkZ
775,8bGdLwV6ZK,9,oW2BJCSeGItE4az
776,b2Oab5bh1w,12,nxickYHKDDOCj61
777,By0zfEyvkT,39,fm1IokCmssmNrml
778,pKLyFO3emq,12,8hIec6DySzMDcDG
779,7gKCsXbMjI,9,jjSFas2IRTP0FwF
780,9PWKwTHL4H,26,TbUyaTsCbc2nMh7
781,H5SbvQB6kE,36,x20jEMWVGlhOgdZ
782,ZxsvMeFHiI,20,OYj7mBXN4euR6jS
783,UltKMfCm6p,27,9HqnS1B2qmdHWeL
784,awvvu2pPD4,11,BD41kLvVFxY50WY
785,JnmVCgxsI3,24,etE1L9thRWs95zx
786,36ynFItKfJ,8,2NEOAkYfOt7MoFT
787,L7n6qBw7sg,10,93fISNbusplhply
788,CBeKazxZqq,39,FLrapKdDE45htJ9
789,mO4jzt8z6N,12,6v5aqS3TKXp0KzG
790,nqZdG30EiO,11,GYG3fpH4KR3140M
791,Etjk9iMOTI,28,AbW3Nitdg1fSRPk
792,x1a76NHklt,24,apfkt9Kyev7JpO2
793,ASNvb6efkf,8,TwAGOWBdGZb3syA
794,bfr32cjFjZ,29,5joZgkSr13WeADH
795,5I7y2YwaD7,35,oJsQ60wD2W3Q3li
796,P3SH1e1hJA,30,OYXxtYS6RY3fTwk
797,BqlE6mH7jr,29,GqkKwFcgMkTahk3
798,I5keKrmiTc,22,3PD5YVGfpzIHcXv
799,czMHcKohdW,32,BnD34JqB8RB6IIR
800,y3xnkSG4cb,8,XKFxOMpl6Z9b3Fo
801,kjZiqaA2bF,15,jmmwHfsTa36uE1f
802,drBkjulbli,20,6mZFMW4uxkB1ppl
803,QQXRVRcq0w,3,bAz6h4zzfeY02hY
804,rmeJ9yEZZm,9,RohwH9RcckaNmD1
805,oPQWLD8FHB,15,wHRQTbZT1X7m9mN
806,cxNxOL4m7s,18,VtYVI2tVhdyKIYs
807,CYhJUVnVOL,23,Vk3U9QQYIP0yyTn
808,RP6rBN7z1g,21,DrOJUXrf3a8RJyt
809,1r6XHsqeDV,39,fmebiA9wjZZMlxI
810,3GwXsTcQeo,21,E9IJvvhyI5vwhTX
811,tAuYYwKSXy,19,auNWvRbAqWYAPqJ
812,OcOtngMs8V,23,BqpZCnyj14V7W97
813,RXpV1arYrG,31,5JcKDlG90ccFAbn
814,f8bMXt1eOU,35,PehpOG9EbrntYO7
815,fdX5ZwqRRZ,20,EsivZgC9erSRhCo
816,9prQAo7x2q,8,imuEXD4Ij6oLqxX
817,bqxAxEMKXE,13,3JtQzqMaQn0pfgq
818,58vtCJXk6q,26,TGwKcHVheVGXY9d
819,4fa41z2Czo,37,XEWZ7pyv8mNzPxA
820,F30z4RTS9y,30,nfotFI9SuWYh965
821,y9c4g1jSyk,32,T4Zulioo5ndDsvR
822,kCn21dF1EE,3,wouK7IvGCrFffQL
823,dUAwiZBjRI,9,yDqLPqk9bCzKEvU
824,Dp2wSeDAEW,39,hlmr215js4InLsB
825,QTrRVdz6rc,29,cdGwgakoPURew7B
826,KjHyJBA1pN,1,ZHONFcJVThgVEVR
827,dN8VOxXQ2y,31,bJ3xmbLVdjUQm4c
828,n0cneMuk3g,32,wgA8uWAnScfKot6
829,EHxuDlljQ4,2,MFj43paTOFerRaG
830,5rQZ0Dm8h0,2,a8R3VpTu9ItlJRh
831,NnNc1CsDsW,19,DYivimZm5lXWsrd
832,bHc2J3uhi3,30,p9U03CsNeHJ1PYI
833,5JszSHE1Jd,8,T7bVmjkSXRMO8v5
834,aUzCtXTsV7,9,8CT6NlFBKmF8C1N
835,sGQuarddhk,6,34Kxy3Q0ggAa24n
836,gpPfzSCZxM,24,bM0mTurxcDcpDyW
837,eteDAEyEcX,7,GoUdWmjoJuu72H1
838,Q1V9Tccm1p,4,mNJSCQF9OD0YGcb
839,zK99O872uc,28,51DCjLZl13KtCeQ
840,QzTh4Mho5H,23,hssa5keKg8PN6WH
841,Oq9a8vF8dG,17,7ttk2rTvGfnyQwY
842,fhYkXc0vya,17,rh6hZbYMjg1BO9n
843,H46Lo0bwzd,11,dixGGN2lQNgltfS
844,KAk7DVYrUo,4,rWYrw9FPpt4zhUQ
845,fhjMPW0DxY,0,tg4araiuCoOJS5J
846,dtHdQWo9Pv,16,DjdoLKiz5AoEaOX
847,ubZsb1r279,35,wOZKxkrewTh1eZB
848,V9okSzDse8,12,p0fgo7K5YCvxwQI
849,jyY53QFjWs,19,s6ErGRod6YnoAn8
850,olIOOap0om,37,D083gJKFMPkYeRa
851,jf6qZ7pZ21,9,XSIJTc8w4iK7gbg
852,sntdknEbk4,10,JqP5pCC8BKJk6WJ
853,hr6cAPI7Fn,35,nfWjo0Aces0Htuo
854,p4qTvdUISf,6,1B7Ozr0634rIF5w
855,rxu3QCa3Bi,29,1T87wnDGvgSdyC5
856,0kcUt1F14b,9,FGnDEd32mCRhH6N
857,gwxqJiWMZI,13,u4CPDvVzbNYDJ4q
858,u4DcOixZv5,35,oPkTBXXtczPLWLn
859,AklJkzQa8J,20,69m2gtSGB4iBGbQ
860,ZO6cZY1BJc,28,f2LIENMz6c6Rciy
861,dPD0SWdlPb,16,XoCXTfgoPGFhsrG
862,cqefc4uxDw,22,ghw3iEbEVpxmGaj
863,0EXpkKGnQ5,32,mJmOg7ptiIAKW07
864,vVlGOv9hsG,5,uQ5OeqrVFQ250FD
865,FsWaAapE2r,13,AGZza568AvhrZws
866,MM2pXGTZZf,32,W5Eo0HNg7RUvPDg
867,xPfn9ktDyV,34,lHatCnHzjnuIcnq
868,hsIYOW0UFw,6,BwQ85dm3PQPQl9Y
869,hkZVh3qt6y,15,pR6fm4FAcPJQxi9
870,0ngEXPVeTJ,28,VzGKAa40w5QkINd
871,vFdvvZarvR,26,mcgimBceuOzeV58
872,BXjKfDBYy6,23,oQHMrzWKJPgIm1K
873,nQD9u7Vzsc,32,tdyX3ll4f4x13ri
874,O5eX2qu2d5,21,EHVPFOxfJECwnmj
875,RdH0DmVxZW,37,Km1db3IeJGbv8Cw
876,WLntaL6CT3,20,72qR8b9ReWrQTVp
877,d56zs94Vsc,3,wkd3XzA7G0OHCEo
878,SnszMjUPZU,16,oniBDtq2taArYXQ
879,WUB69ldR7R,29,HAxWzvoifHukmzT
880,0YBnUqnjqQ,2,rX3DwezV9pzOgoj
881,IIbJT2ZIr6,16,avgqGnLpP2oCUBL
882,pkFu3oTFUj,37,6dhMxCbZduuaGmp
883,Rc0EZC2SlD,31,dLzYdqfo1PWx98K
884,h6VB5utcqM,23,0Hnv2Cud1zrf4h8
885,gbJLENy4JU,17,a0IAtRLsDYf9lya
886,SW9i5QucSl,24,pAQAFyebPsVBydz
887,XAEeVe6uk9,38,V3G5A4djtAIQ5oA
888,Dk27Tr9HxO,27,qQTqsnOp3dPlF3B
889,XNMDVpjZMq,28,vqUcdNrtbd3YMk3
890,dwATKf33Gt,22,WTcdZKbWI7LvWMG
891,H0VzwnU4KG,21,twQTDZnxXKG5avK
892,u98Q1glKpr,22,7Xmd2RP0n0h167o
893,EeWINqV8qI,33,RpGXhznLwNdTdB6
894,DlIIge4Xrd,22,WIg1bPEaycW56qZ
895,F2PpERmxVd,9,4re93U9jRlkSoJX
896,pz3xApIBQg,31,ybyBQYntvK0iQ6A
897,OLhFexI2Ee,27,QmY2g3I2rdyPqlx
898,MAaSbUwToS,21,aY2SrXJdBwI35F9
899,aUtQ56N9WV,12,PQ8hjmEoi5BHwm1
900,ykddUAzAXo,39,2AgsBoeqVMrIZMq
901,r5Mg7D4Fj8,11,wYzCrMTBfDrKkXr
902,FOPMXmuYHJ,30,966xiEE6x9w6ahU
903,AWG6XmmYdE,38,SkPYwISCaRRC1fG
904,4Yt4qMLJwx,32,lxB4jVWkifHR8oJ
905,q28061sbUU,24,Nxg58BUnH0QR7H8
906,I2iMle0CFd,4,lOV4wxrVcK5UNa9
907,M7vJUeYSrK,38,AiMPLw65IfuXLhu
908,lxiVmIePpU,37,N2JLlfXnozVGRku
909,TBeb91DAWI,11,HHPKnzfv3mPKGpc
910,A17WHtFEGG,21,x6nnLs5a9UsiaFW
911,YgaDHZOMF6,23,dWbqFgQHiOaTFwe
912,y3qvacZRA3,15,71MnrZcbvHWq4z8
913,h5Q53GO3K5,31,DbjGq0WrRq6Uaai
914,4fsee9o546,22,aVd6I9BzLv3Vsk7
915,0FaEp7JkQy,14,n5gvKzkIgT25ela
916,9M9qcrTZJV,24,BW6Yf0bVhHWnSFh
917,9fOztnkIzj,38,lFpBcWMgFm1RLz2
918,7hAST8CF22,29,ISDiHhq3GmfAaab
919,NoPksXRAsZ,31,0kra2xlGezZ3bku
920,fcPyUMnpnO,16,hzrLxL1tf5YRg8e
921,vnMyXcg6Kj,6,hz47jUwj7mVbEVH
922,ecqbe7R8By,7,2oQnoby6xfoEi8O
923,YlZrUZLhKA,23,Cz69NBHZ9d3oBPR
924,gs70hqe38W,2,Q9vmVjxkXhEGX2E
925,m55mbydYBC,26,K8yIroZIMivnNuC
926,D9xXBWcqv7,38,8cAlDjkkjFhc7Ad
927,WXTJ3FU32l,3,6bawwglsj2QLyhh
928,SvpzTyqZIH,3,kxmKJBiMPzcoHNX
929,sYP3B0oQkL,13,jjs1rVgSIygSgQ6
930,TEiRBPCvft,22,craXAuCXAhcRcjN
931,5Oo7hNeg2I,16,4f3DS1MsluscWQm
932,5LWAoxGRDA,38,3vQUyloly62IA35
933,A2qwUoXAAV,25,asXVzVEtawECm4n
934,jGA8ehTUP3,36,RgcaL4mEC87fIgy
935,9x0CofhNLr,36,LXI41inXtd2d94a
936,GnAg9j5UpJ,30,R7hwXxpfVoMUmG4
937,7FU7Gw53Ve,14,93x4lQ1JmrTgI7l
938,w6ENtQPCFz,11,CiOFwIjTU2Q2B5k
939,YAwgPeE2oa,26,257rBDesruXfaFX
940,ynrC7TU4uJ,33,OG26DBPpfU06rvL
941,cTeYiirZ1u,30,pYVlh2lWb7rdEWj
942,ClOt3dezWE,13,vojGti9KpaNOunL
943,Uc1edbFBYz,11,PZRUPXznwahazh7
944,oQeWgGjVrE,5,i19oXP6UdK9PMgn
945,ZUTbdSy5TQ,28,To6nz5j3oS4aayI
946,7Vtgm5J0tb,19,DzXINvrQ8g9eDaq
947,ic6uSvqh1x,15,bMsfaXn0vApK2hu
948,Ozt5HM5mlR,19,mHHSZCIUVdqjbQQ
949,c29btu4zPk,29,1v55nrnPrNYyh2j
950,7oHSFvJjIU,9,SN1PKHCVl7jbGpi
951,I2dUtM7DVi,20,8kN1cdaRufrU6tF
952,yBtTZcxQg5,29,AfRw9WZRrlcOCjj
953,46DNVtUcBC,23,ezyrBjUC8Z628Kg
954,MxNKQjPFdC,33,7w2qxPlhVSfnGyb
955,UM9U7CSZUg,37,C0DfzAh2tXWvFy9
956,FjmpXZTOLO,4,cT2EQQCnexfLff9
957,9MpOUf9nvs,15,GemxxPkWNacnN2U
958,eDSCgETOxh,34,M22vUdB7OYGcaoy
959,1YeMJihrQa,27,FoVhspjSNHmqEyI
960,Bn2U1kHMOV,18,d61pvlYEJTKHNEu
961,EWX2J7sypt,23,N3xm4zFgbEt8sIc
962,Wdu4Yc2zpd,4,Dg0pUADkIAQEiAh
963,EdYnuGaNkB,33,cu37YRdFRPvDEIu
964,MvmFh2iSWw,9,cPdc2OByIKrhtXr
965,mwAtUgSybG,19,XB5t06c8S1IGa7O
966,9wE9jOjcEW,35,kDfj9lcREdtt15A
967,rLT13CVGNs,25,diXY9jv5CJXf9Dk
968,gauJyThbU3,30,4oXU7ktFjV6zHwn
969,pIBPskkEtx,12,JkFU9YsREcD4X7Z
970,SDePJNAoZP,22,KNEhoJY3PKwBLIw
971,VBDSjwxU4j,4,SoYSbdh2ebm5PkL
972,siM1LvlgM9,38,A6Vj5I1Rrsufgd7
973,q0bLyZPhqn,38,onq3jR0lZVRj4tr
974,4km3ZhucBD,3,Oet2HL83cGKSwGI
975,DDM6pNgQmC,39,mEkGaVMxdYu5dym
976,uQFjyHP6IN,3,slzo6TbqBIjboax
977,v2FVrSiZC1,36,0JtIWtotAa0lFk3
978,dKR41jKmJ4,33,hY3XfkuKUVAcCNL
979,lJ5eoJ1Ovf,25,8tWq8DCugK2he3r
980,kh8yck4UVW,26,KlAVNPA93HKvE1x
981,gZxcdniprl,36,XBy2omGFu0bCLtM
982,QhqyQP6bPB,9,qaKKuSFxhf5Wuxj
983,S4J31car9V,8,d5m26IjmiQ6Bjzq
984,DjLE4Uu6oE,13,unHnFe5QTnU1HNq
985,VhbUZvexbO,4,NjsCykAp4darC4G
986,61eR4lUlZB,9,reRMkhybwVYKTJk
987,dtkwYvSF6K,4,NcEvOazmXOj37Ou
988,RaLRh1GMud,24,hcZV2A53SCr38Gp
989,VWlFtONs64,27,nIHnqyidA4poWmk
990,r9tg0SZmX8,38,Pgt1wzTojr8ATeA
991,MUrncTC2L9,3,DzE3vWEuEF0qado
992,A3v9s3PG2Q,26,GSPcUy3nZSUXK9v
993,zzPMicLB4k,29,UdIcHUQ7CPTm6o4
994,N3ax26vgPP,6,Sdrz0wCElAczfca
995,tfGn3vQ1tD,28,PTtLpjRNkIJPYPD
996,nchDN1dzZm,34,cWM4PSH2jqkZnKK
997,OsZGYW6lSk,14,uE0XV2vOLZokVNg
998,ype2TVf1F9,32,We02erwL3PzExAI
999,edGqmW63SZ,23,GlGbmr8v5N0O3Is
1000,ICLT2YGxsH,3,sKTFOgkhHGZMbbH